t,rss_kb
1789521128,2209664
1789521130,2258720
1789521131,2258720
1789521132,2258736
1789521133,2256912
1789521134,2256912
1789521135,2256960
1789521136,2257008
1789521137,2257072
1789521138,2257072
1789521139,2257104
1789521140,2257056
1789521141,2257088
1789521142,2257088
1789521143,2257104
1789521144,2257088
1789521145,2257088
1789521146,2257264
1789521147,2257264
1789521148,2257296
1789521149,2257296
1789521150,2257312
1789521151,2257312
1789521152,2257312
1789521153,2257328
1789521154,2257328
1789521155,2257360
1789521156,2257360
1789521157,2257376
1789521158,2257376
1789521159,2257376
1789521160,2257376
1789521161,2257568
1789521163,2257584
1789521164,2257584
1789521165,2257696
1789521166,2257696
1789521167,2257696
1789521168,1642544
1789521169,1606480
1789521170,1579120
1789521171,1052576
1789521172,616704
1789521173,151776
1789521174,152032
1789521175,152080
1789521176,152144
1789521177,148928
1789521178,148720
1789521179,148656
1789521180,148656
1789521182,148624
1789521183,148592
1789521184,148592
1789521185,148592
1789521186,148640
1789521187,148656
1789521188,148656
1789521189,148656
1789521190,148672
1789521191,148192
1789521192,148128
1789521193,148048
1789521194,147920
1789521195,147920
1789521196,147936
1789521197,147936
1789521198,147936
1789521199,147264
1789521201,147232
1789521202,147008
1789521203,146768
1789521204,146704
1789521205,146576
1789521206,146416
1789521207,146864
1789521208,146832
1789521209,146720
1789521210,146720
1789521211,146496
1789521212,146432
1789521213,146400
1789521214,146400
1789521215,146192
1789521216,146000
1789521217,145872
1789521218,145872
1789521220,144944
1789521221,144896
1789521222,144784
1789521223,144800
1789521224,144752
1789521225,144704
1789521226,144688
1789521227,145072
1789521228,145072
1789521229,145072
1789521231,144928
1789521232,144928
1789521233,144944
1789521234,144960
1789521235,144960
1789521236,144960
1789521237,144944
1789521238,143472
1789521239,143488
1789521240,142864
1789521241,138688
1789521242,138880
1789521244,138928
1789521245,139056
1789521246,139056
1789521247,139056
1789521248,82896
1789521249,82928
1789521250,82960
1789521251,83024
1789521252,83088
1789521253,83216
1789521254,83312
1789521255,83296
1789521256,83344
1789521257,83344
1789521258,83344
1789521259,83472
1789521260,83504
1789521261,83520
1789521262,83536
1789521263,83568
1789521264,83568
1789521266,83568
1789521267,83472
1789521268,83360
1789521269,83360
1789521270,83360
1789521271,83408
1789521272,83552
1789521273,83584
1789521274,83616
1789521275,83616
1789521276,83360
1789521277,83360
1789521278,83344
1789521279,83360
1789521280,83600
1789521282,81872
1789521283,82016
1789521284,82048
1789521285,81872
1789521286,81904
1789521287,81936
1789521288,81984
1789521289,82016
1789521290,82048
1789521291,82048
1789521292,82064
1789521293,82064
1789521294,82064
1789521296,81952
1789521297,81968
1789521298,81968
1789521299,81984
1789521300,81888
1789521301,81952
1789521302,81984
1789521303,81904
1789521304,82016
1789521305,82144
1789521306,82128
1789521307,82128
1789521308,82128
1789521309,82160
1789521310,82176
1789521311,82176
1789521312,82192
1789521314,82192
1789521315,82160
1789521316,81424
1789521317,81424
1789521318,81440
1789521319,81472
1789521320,81520
1789521321,81520
1789521322,81536
1789521323,81552
1789521324,81552
1789521325,81584
1789521326,81616
1789521328,81616
1789521329,81616
1789521330,81472
1789521331,81488
1789521332,81504
1789521333,81504
1789521334,81120
1789521336,81136
1789521337,81136
1789521338,81136
1789521339,81136
1789521340,81136
1789521341,81136
1789521342,81152
1789521343,81152
1789521344,81168
1789521345,81184
1789521346,81184
1789521347,81184
1789521348,81184
1789521349,81184
1789521350,81184
1789521351,81184
1789521352,81184
1789521353,81200
1789521354,81200
1789521355,81200
1789521356,81200
1789521357,81200
1789521359,81216
1789521360,81216
1789521361,81216
1789521362,81216
1789521363,81216
1789521364,81216
1789521365,81232
1789521366,81232
1789521367,81232
1789521368,81248
1789521369,81264
1789521370,81280
1789521371,81280
1789521373,81312
1789521374,81344
1789521375,81328
1789521376,81760
1789521377,81760
1789521378,81696
1789521379,81728
1789521380,81728
1789521381,81744
1789521382,81760
1789521383,81696
1789521384,81744
1789521386,81744
1789521387,81776
1789521388,81776
1789521389,81776
1789521390,81664
1789521391,81664
1789521392,81792
1789521393,81792
1789521394,81792
1789521395,81792
1789521396,81712
1789521398,81792
1789521399,81792
1789521400,81792
1789521401,81760
1789521402,81760
1789521403,81776
1789521404,81776
1789521405,81776
1789521406,81776
1789521407,80784
1789521408,80672
1789521409,80656
1789521410,80672
1789521411,80688
1789521413,80704
1789521414,80720
1789521415,80688
1789521416,80720
1789521417,80448
1789521418,80352
1789521419,80352
1789521420,80352
1789521421,80352
1789521422,90400
1789521423,88608
1789521424,89408
1789521425,90176
1789521426,89984
1789521427,88976
1789521428,91008
1789521430,91008
1789521431,90880
1789521432,89920
1789521433,89888
1789521434,84064
1789521435,84288
1789521436,84464
1789521437,84464
1789521438,83472
1789521439,84512
1789521440,84400
1789521441,84624
1789521443,84784
1789521444,95440
1789521445,95472
1789521446,95552
1789521447,95568
1789521448,95936
1789521449,96000
1789521450,92528
1789521451,90528
1789521452,90704
1789521453,90992
1789521454,91600
1789521456,91824
1789521457,91904
1789521458,92288
1789521459,92288
1789521460,92528
1789521461,92736
1789521462,92768
1789521463,92992
1789521464,93120
1789521465,93184
1789521466,93344
1789521467,93504
1789521468,93648
1789521469,93824
1789521470,93840
1789521471,94000
1789521472,94352
1789521473,94304
1789521474,94416
1789521475,94752
1789521476,94880
1789521477,95088
1789521478,95136
1789521479,95312
1789521480,95536
1789521481,95600
1789521482,95616
1789521483,95456
1789521485,95296
1789521486,95024
1789521487,96416
1789521488,96704
1789521489,96560
1789521490,96576
1789521491,96624
1789521492,96544
1789521493,97120
1789521494,98080
1789521495,98736
1789521496,99152
1789521497,99760
1789521498,100144
1789521499,100496
1789521500,100688
