round,eval_wall_ms,i_kernel_ms,ii_sync_ms,iii_host_ms,iv_struct_ms,i2iv_ms
5,78.88,75.26,3.615,3.044,0.209,3.824
6,79.71,78.31,1.401,3.034,1.538,2.939
7,78.29,78.12,0.165,3.078,0.201,0.366
8,79.52,79.21,0.312,3.243,1.462,1.774
9,78.95,78.63,0.324,3.027,0.185,0.509
10,79.05,76.90,2.146,3.028,0.185,2.331
11,79.11,75.10,4.016,2.948,0.186,4.202
12,79.95,76.02,3.937,2.898,1.479,5.416
13,78.99,75.33,3.658,2.983,2.344,6.002
14,77.70,75.04,2.657,4.052,2.282,4.939
15,77.68,75.79,1.882,4.814,4.086,5.968
16,76.67,75.02,1.646,6.280,3.089,4.735
17,76.92,75.22,1.696,5.861,0.314,2.010
18,77.00,70.49,6.513,5.606,0.283,6.796
19,76.79,69.84,6.955,6.027,3.144,10.099
20,76.49,71.44,5.048,5.695,0.380,5.428
21,76.97,72.35,4.625,5.632,0.267,4.892
22,76.25,71.75,4.499,6.765,0.234,4.733
23,78.94,76.86,2.073,3.924,2.092,4.165
24,78.64,75.15,3.494,3.920,1.468,4.962
25,79.28,77.10,2.181,3.015,1.775,3.956
26,79.00,75.20,3.800,3.774,4.015,7.815
27,77.05,76.58,0.470,6.066,2.854,3.324
28,76.05,75.27,0.780,5.978,5.505,6.285
29,75.83,74.55,1.283,6.517,0.409,1.692
30,76.17,76.12,0.050,8.405,3.925,3.975
31,77.25,77.05,0.198,6.647,3.703,3.901
32,76.72,73.73,2.987,5.970,3.805,6.792
33,76.90,76.02,0.874,6.497,0.295,1.169
34,76.90,75.76,1.136,6.562,0.459,1.595
35,76.76,75.42,1.344,6.554,2.806,4.150
36,77.05,75.25,1.791,4.963,0.212,2.003
37,79.37,78.30,1.070,3.397,1.849,2.919
38,79.45,75.20,4.246,3.688,0.216,4.462
39,78.51,76.96,1.550,3.650,0.251,1.801
40,77.92,76.50,1.416,4.238,1.536,2.952
41,79.02,78.20,0.821,3.327,1.519,2.340
42,79.40,78.56,0.840,2.874,1.650,2.490
43,79.19,78.10,1.093,2.972,0.242,1.335
44,78.77,76.94,1.825,3.514,0.207,2.032
45,79.66,78.91,0.744,2.969,0.210,0.954
46,79.81,79.10,0.708,3.013,0.248,0.956
47,78.41,77.67,0.733,3.481,2.177,2.910
48,77.58,76.88,0.704,3.995,0.207,0.911
49,78.92,80.53,-1.609,2.948,0.266,-1.343
50,78.52,76.98,1.537,3.468,2.251,3.788
51,77.74,76.21,1.526,4.404,0.235,1.761
52,77.29,76.40,0.888,4.650,0.237,1.125
53,77.34,73.39,3.948,4.331,1.904,5.852
54,78.47,75.43,3.043,3.798,0.184,3.227
55,79.30,76.14,3.164,3.010,1.758,4.922
56,77.84,76.87,0.968,3.444,0.208,1.176
57,79.59,75.30,4.296,3.036,0.189,4.485
58,78.90,76.09,2.811,2.949,0.207,3.018
59,79.04,76.71,2.332,2.986,0.185,2.517
60,79.21,75.91,3.306,2.967,1.559,4.865
61,79.14,74.76,4.376,3.101,1.532,5.908
62,78.44,75.09,3.343,3.049,1.803,5.146
63,78.11,79.09,-0.982,4.391,0.272,-0.710
64,76.84,76.49,0.354,5.136,0.466,0.820
65,76.67,76.63,0.049,7.339,0.432,0.481
66,76.42,76.37,0.050,6.940,0.443,0.493
67,76.92,76.87,0.049,7.007,0.297,0.346
68,76.95,76.90,0.049,5.056,5.120,5.169
69,75.79,75.09,0.694,5.550,0.466,1.160
70,76.37,75.61,0.761,6.467,0.421,1.182
71,76.54,75.84,0.701,7.412,0.448,1.149
72,76.10,75.41,0.686,7.299,4.548,5.234
73,77.89,77.18,0.716,8.009,2.798,3.514
74,76.75,75.45,1.301,5.390,1.978,3.279
75,78.44,77.75,0.698,3.708,1.994,2.692
76,77.66,75.71,1.949,3.649,0.245,2.194
77,77.45,68.79,8.660,5.038,1.861,10.521
78,78.45,76.19,2.260,3.492,0.192,2.452
79,79.13,75.99,3.139,2.925,1.619,4.758
80,78.83,73.39,5.442,3.125,0.185,5.627
81,79.12,77.67,1.451,2.976,0.202,1.653
82,78.29,76.48,1.813,3.053,0.183,1.996
83,79.17,76.23,2.939,3.495,0.190,3.129
84,78.98,77.41,1.566,3.116,0.196,1.762
85,79.23,78.40,0.830,2.964,0.231,1.061
86,78.96,71.61,7.353,3.128,0.183,7.536
87,79.29,77.44,1.842,3.007,2.205,4.047
88,76.89,69.21,7.681,4.336,4.606,12.287
89,75.94,74.82,1.116,7.389,2.592,3.708
90,78.61,77.72,0.892,3.970,0.421,1.313
91,76.78,75.95,0.833,7.028,0.481,1.314
92,77.75,77.42,0.332,8.563,0.435,0.767
93,76.88,76.83,0.050,7.235,0.377,0.427
94,76.66,76.61,0.051,7.600,0.313,0.364
95,75.88,75.83,0.050,5.911,5.623,5.673
96,75.65,74.42,1.234,6.515,4.596,5.830
97,76.55,78.67,-2.120,8.999,0.522,-1.598
98,76.87,71.96,4.916,5.980,5.028,9.944
99,77.53,76.86,0.669,7.786,0.211,0.880
100,78.46,79.00,-0.533,3.645,2.065,1.532
101,78.14,76.92,1.218,4.046,0.219,1.437
102,78.12,76.91,1.217,4.176,0.255,1.472
103,76.77,74.92,1.851,4.586,1.753,3.604
104,78.65,77.40,1.251,4.135,1.416,2.667
105,79.34,75.10,4.244,3.123,2.067,6.311
106,78.29,77.21,1.087,3.728,0.223,1.310
107,78.84,74.90,3.942,3.298,1.514,5.456
108,79.16,75.55,3.618,3.070,1.625,5.243
109,78.75,73.77,4.980,3.099,1.753,6.733
110,78.49,76.52,1.976,3.161,0.181,2.157
111,80.01,76.06,3.951,2.970,1.705,5.656
112,79.55,77.03,2.516,3.297,0.275,2.791
113,76.53,72.74,3.793,5.572,0.278,4.071
114,76.60,75.82,0.781,5.867,2.956,3.737
115,76.25,75.78,0.474,5.930,0.353,0.827
116,75.95,75.66,0.296,5.631,0.468,0.764
117,76.14,76.09,0.051,8.821,2.745,2.796
118,77.19,77.07,0.114,4.788,4.329,4.443
119,77.70,75.95,1.750,7.813,0.480,2.230
120,78.50,77.05,1.455,8.855,0.473,1.928
121,76.58,75.14,1.445,7.153,3.988,5.433
122,76.85,77.37,-0.517,6.706,0.410,-0.107
123,76.39,75.60,0.789,6.712,0.372,1.161
124,76.76,76.02,0.734,5.339,0.234,0.968
125,79.08,78.12,0.956,4.076,0.246,1.202
126,77.39,76.59,0.803,4.641,0.229,1.032
127,78.20,77.48,0.718,3.932,0.186,0.904
128,79.35,78.75,0.600,2.986,0.188,0.788
129,79.11,78.51,0.600,3.076,1.652,2.252
130,78.41,78.11,0.293,3.087,1.643,1.936
131,78.53,77.74,0.794,3.944,1.409,2.203
132,79.12,78.70,0.417,2.975,1.412,1.829
133,79.01,78.22,0.785,3.099,1.598,2.383
134,79.20,78.42,0.777,3.030,0.195,0.972
135,79.27,78.66,0.610,3.098,0.202,0.812
136,78.88,78.12,0.761,3.119,0.342,1.103
137,78.15,74.95,3.203,4.046,0.236,3.439
138,78.80,77.72,1.088,3.592,0.207,1.295
139,79.27,78.55,0.714,3.051,1.495,2.209
140,79.06,78.35,0.707,3.102,1.465,2.172
141,79.18,78.17,1.009,3.141,1.467,2.476
142,78.78,79.86,-1.084,3.188,0.238,-0.846
143,78.34,77.64,0.702,3.459,1.457,2.159
144,82.89,79.34,3.549,3.176,1.733,5.282
145,80.52,79.87,0.656,3.539,0.212,0.868
146,79.56,78.87,0.697,3.031,1.451,2.148
147,78.98,78.45,0.532,3.413,0.235,0.767
148,79.48,78.90,0.586,3.169,0.247,0.833
149,79.22,78.53,0.697,3.388,1.849,2.546
150,78.32,76.27,2.055,4.241,0.196,2.251
151,79.20,71.98,7.212,3.047,0.208,7.420
152,79.29,76.30,2.988,3.057,0.203,3.191
153,79.27,78.44,0.825,3.022,1.546,2.371
154,79.30,77.21,2.093,3.096,0.198,2.291
155,78.44,76.29,2.158,3.099,1.969,4.127
156,78.50,76.63,1.878,3.683,0.171,2.049
157,79.28,75.93,3.352,2.982,0.180,3.532
158,79.24,78.33,0.915,3.146,1.731,2.646
159,79.07,76.97,2.096,3.104,1.519,3.615
160,79.00,77.42,1.580,3.191,0.181,1.761
161,79.13,74.89,4.242,3.069,2.442,6.684
162,76.89,74.72,2.166,4.449,5.011,7.177
163,76.96,76.91,0.050,8.262,0.457,0.507
164,77.11,76.96,0.147,7.293,0.248,0.395
165,77.86,77.81,0.050,4.337,2.285,2.335
166,77.16,76.43,0.731,4.602,2.465,3.196
167,77.01,76.31,0.696,5.091,2.769,3.465
168,76.27,76.63,-0.363,5.614,3.380,3.017
169,75.80,75.10,0.694,5.498,0.257,0.951
170,77.30,76.54,0.756,5.309,4.794,5.550
171,76.91,76.24,0.670,6.571,4.443,5.113
172,76.70,77.41,-0.712,6.179,0.393,-0.319
173,77.80,77.24,0.555,6.260,1.677,2.232
174,79.30,78.60,0.696,3.097,0.207,0.903
175,78.67,77.92,0.756,3.599,1.971,2.727
176,77.35,72.60,4.749,3.960,0.229,4.978
177,78.78,74.66,4.123,3.886,0.195,4.318
178,79.15,74.31,4.837,3.043,0.210,5.047
179,79.22,74.94,4.278,3.158,1.663,5.941
180,79.18,77.62,1.552,3.141,0.206,1.758
181,79.32,77.63,1.685,3.084,0.203,1.888
182,78.42,70.86,7.560,3.128,0.172,7.732
183,79.97,75.89,4.089,2.978,1.659,5.748
184,79.14,76.87,2.271,3.149,1.512,3.783
185,79.47,77.81,1.656,3.136,0.208,1.864
186,79.30,77.65,1.659,3.374,2.410,4.069
187,77.08,76.11,0.963,5.464,3.714,4.677
188,76.47,75.07,1.398,6.378,0.539,1.937
189,76.07,74.89,1.181,7.761,5.244,6.425
190,76.84,75.17,1.671,8.627,4.400,6.071
191,76.61,76.68,-0.071,6.673,0.421,0.350
192,76.74,76.69,0.049,6.921,4.525,4.574
193,78.09,77.40,0.699,7.884,3.472,4.171
194,76.61,75.90,0.718,6.128,2.875,3.593
195,76.47,75.74,0.734,5.702,2.829,3.563
196,77.17,77.92,-0.745,5.328,2.821,2.076
197,77.88,77.20,0.678,4.197,0.299,0.977
198,78.57,77.75,0.816,4.619,2.173,2.989
199,77.65,76.78,0.871,4.443,0.303,1.174
200,77.47,74.05,3.421,5.324,0.307,3.728
201,76.91,73.31,3.602,5.391,2.354,5.956
202,77.59,73.96,3.628,4.591,0.200,3.828
203,78.67,74.98,3.686,3.294,0.241,3.927
204,78.28,74.85,3.434,3.966,0.208,3.642
205,79.29,75.54,3.745,3.082,1.540,5.285
206,79.30,78.64,0.667,3.227,0.215,0.882
207,79.72,74.28,5.431,3.137,1.654,7.085
208,79.08,72.89,6.190,3.202,0.202,6.392
209,79.01,71.92,7.096,3.114,0.233,7.329
210,78.74,72.74,5.995,3.396,0.259,6.254
211,77.91,71.79,6.123,4.335,0.457,6.580
212,77.00,77.19,-0.185,7.157,0.433,0.248
213,77.09,76.31,0.781,6.945,4.006,4.787
214,78.16,77.00,1.158,5.125,3.983,5.141
215,76.69,75.78,0.909,5.796,3.568,4.477
216,77.48,78.35,-0.875,4.456,5.222,4.347
217,76.99,77.08,-0.091,4.945,0.508,0.417
218,78.48,77.86,0.622,10.215,0.458,1.080
219,77.92,77.87,0.049,9.222,4.200,4.249
220,77.89,76.98,0.909,7.774,4.325,5.234
221,76.52,75.78,0.742,6.979,4.529,5.271
222,77.90,78.74,-0.834,7.136,1.645,0.811
223,79.32,78.51,0.811,3.187,0.199,1.010
224,78.91,78.02,0.895,3.550,1.987,2.882
225,78.02,77.30,0.718,3.886,0.284,1.002
226,77.52,75.28,2.243,4.314,1.603,3.846
227,79.53,78.25,1.283,3.061,1.657,2.940
228,79.37,77.36,2.017,3.139,1.560,3.577
229,79.18,75.38,3.800,3.201,0.198,3.998
230,79.38,76.99,2.397,3.064,0.193,2.590
231,80.07,79.20,0.867,3.102,0.241,1.108
232,79.33,74.87,4.459,3.282,0.213,4.672
233,80.21,78.72,1.488,3.061,1.684,3.172
234,80.34,78.18,2.158,3.132,1.688,3.846
235,79.71,78.39,1.321,3.564,0.266,1.587
236,78.38,77.45,0.930,5.220,2.399,3.329
237,78.03,78.05,-0.020,5.296,2.693,2.673
238,76.04,75.99,0.048,5.418,0.420,0.468
239,76.69,78.00,-1.303,7.293,3.026,1.723
240,77.11,76.80,0.309,5.261,3.737,4.046
241,76.60,76.00,0.604,6.483,4.034,4.638
242,76.24,74.72,1.525,5.822,4.848,6.373
243,77.31,75.02,2.287,6.801,0.298,2.585
244,76.90,73.01,3.888,6.029,3.100,6.988
245,76.69,70.24,6.454,5.508,0.298,6.752
246,75.88,71.42,4.464,5.924,0.269,4.733
247,77.68,71.60,6.077,5.329,1.921,7.998
248,78.69,77.31,1.385,3.860,2.407,3.792
249,78.02,77.32,0.700,4.387,2.684,3.384
250,77.47,76.65,0.816,4.880,0.264,1.080
251,76.50,75.67,0.829,5.941,3.070,3.899
252,76.62,76.05,0.567,6.167,0.645,1.212
253,76.08,75.40,0.671,7.496,5.337,6.008
254,76.53,75.94,0.585,8.418,4.550,5.135
255,78.22,77.52,0.695,8.204,4.919,5.614
256,77.09,76.08,1.011,7.410,0.467,1.478
257,77.79,77.68,0.115,7.603,3.768,3.883
258,77.96,76.48,1.478,7.344,2.902,4.380
259,77.26,76.60,0.657,5.419,0.200,0.857
260,79.03,78.26,0.777,3.440,0.234,1.011
261,77.80,75.97,1.833,3.959,0.274,2.107
262,77.15,72.99,4.161,5.389,1.477,5.638
263,79.50,73.34,6.156,3.088,0.184,6.340
264,79.48,74.97,4.509,3.006,0.202,4.711
265,79.65,73.92,5.728,3.024,0.171,5.899
266,79.57,73.93,5.638,3.030,1.664,7.302
267,79.19,73.76,5.431,3.104,1.806,7.237
268,78.35,73.10,5.251,3.459,1.687,6.938
269,79.36,74.93,4.430,3.077,1.655,6.085
270,79.34,77.18,2.162,3.047,1.529,3.691
271,79.43,77.55,1.881,3.118,0.224,2.105
272,79.18,78.08,1.100,3.447,2.306,3.406
273,77.19,76.47,0.722,4.878,4.719,5.441
274,75.98,75.15,0.832,5.857,6.630,7.462
275,77.05,75.98,1.062,7.853,0.534,1.596
276,79.76,79.10,0.659,8.431,4.193,4.852
277,77.16,77.06,0.102,6.589,3.987,4.089
278,76.79,75.30,1.489,6.806,3.957,5.446
279,76.92,76.24,0.684,6.494,3.631,4.315
280,77.18,76.49,0.689,6.097,2.425,3.114
281,78.11,77.35,0.760,4.267,2.525,3.285
282,77.38,76.71,0.674,4.649,0.376,1.050
283,76.77,75.37,1.398,5.218,0.209,1.607
284,79.66,78.86,0.798,3.023,1.670,2.468
285,78.84,77.25,1.584,3.401,1.955,3.539
286,78.44,71.09,7.349,3.820,1.497,8.846
287,79.55,77.95,1.599,3.172,1.450,3.049
288,79.75,78.23,1.520,3.112,1.521,3.041
289,79.13,75.11,4.014,3.112,1.883,5.897
290,78.75,75.97,2.780,3.729,0.214,2.994
291,79.77,80.78,-1.015,3.039,0.200,-0.815
292,79.61,79.81,-0.199,3.020,0.218,0.019
293,79.59,72.21,7.377,3.084,0.195,7.572
294,79.33,74.74,4.595,3.039,1.665,6.260
295,79.30,69.90,9.391,3.044,0.237,9.628
296,78.59,75.33,3.254,3.810,2.109,5.363
297,77.95,77.05,0.900,4.257,4.848,5.748
298,78.04,77.26,0.780,7.409,0.438,1.218
299,77.43,76.67,0.759,7.195,0.436,1.195
300,76.90,75.98,0.920,6.355,4.285,5.205
301,77.78,78.20,-0.420,6.928,2.884,2.464
302,76.65,76.61,0.047,6.077,1.934,1.981
303,77.93,77.88,0.050,3.710,0.489,0.539
304,78.68,77.90,0.777,10.141,0.421,1.198
305,77.75,77.00,0.757,7.939,0.560,1.317
306,78.69,80.28,-1.586,11.578,0.456,-1.130
307,76.95,76.58,0.368,7.336,0.292,0.660
308,78.07,77.36,0.712,4.694,0.211,0.923
309,78.98,78.18,0.802,3.638,0.215,1.017
310,78.18,77.78,0.402,4.214,0.302,0.704
311,77.15,75.37,1.776,5.071,1.522,3.298
312,79.69,74.85,4.835,3.108,0.183,5.018
313,79.70,74.58,5.120,2.982,1.519,6.639
314,79.37,73.41,5.968,3.187,0.176,6.144
315,80.11,79.30,0.803,3.138,0.196,0.999
316,79.68,71.88,7.793,3.031,1.552,9.345
317,78.76,72.99,5.767,3.190,1.570,7.337
318,79.96,74.92,5.039,3.378,1.658,6.697
319,79.46,75.07,4.395,3.091,1.542,5.937
320,79.76,76.56,3.203,3.180,0.235,3.438
321,78.94,77.48,1.460,3.683,2.398,3.858
322,77.57,76.35,1.218,5.420,0.317,1.535
323,76.51,75.76,0.753,5.923,0.629,1.382
324,77.38,75.84,1.542,8.835,5.800,7.342
325,78.16,77.35,0.815,9.995,3.020,3.835
326,77.17,76.46,0.710,5.923,5.128,5.838
327,77.90,77.85,0.047,7.620,3.911,3.958
328,77.83,78.41,-0.576,6.998,4.185,3.609
329,77.08,76.37,0.711,6.549,3.820,4.531
330,76.72,76.09,0.633,6.224,0.463,1.096
331,77.78,77.07,0.703,6.891,0.321,1.024
332,77.03,76.33,0.697,6.007,1.847,2.544
333,78.39,77.58,0.819,3.405,0.227,1.046
334,78.69,77.76,0.930,3.961,2.286,3.216
335,78.38,73.50,4.875,4.218,0.242,5.117
336,78.31,76.68,1.626,4.144,0.210,1.836
337,79.72,76.19,3.536,3.021,0.192,3.728
338,80.14,77.45,2.695,3.045,2.018,4.713
339,78.64,76.07,2.570,3.424,1.666,4.236
340,79.73,78.51,1.221,3.787,0.205,1.426
341,79.59,78.38,1.208,3.002,1.521,2.729
342,79.61,78.22,1.387,3.112,1.548,2.935
343,79.48,74.31,5.169,3.166,0.191,5.360
344,79.74,70.94,8.796,3.059,1.622,10.418
345,78.95,72.84,6.116,3.495,0.280,6.396
346,77.12,76.31,0.806,5.306,4.533,5.339
347,78.04,77.27,0.765,6.215,0.463,1.228
348,77.16,75.84,1.317,6.901,3.769,5.086
349,76.97,76.21,0.761,7.088,4.040,4.801
350,78.18,77.46,0.722,7.393,3.160,3.882
351,76.89,77.26,-0.371,5.718,0.292,-0.079
352,76.69,75.64,1.049,6.164,2.845,3.894
353,76.21,76.16,0.048,5.953,0.594,0.642
354,76.31,76.27,0.047,9.497,4.609,4.656
355,78.41,77.69,0.722,8.712,0.467,1.189
356,79.53,78.72,0.807,8.171,1.968,2.775
357,79.20,78.46,0.736,3.580,0.229,0.965
358,78.87,77.24,1.631,3.819,2.035,3.666
359,78.40,73.29,5.111,4.193,2.012,7.123
360,78.95,76.65,2.294,3.917,0.206,2.500
361,79.04,77.55,1.484,3.144,1.440,2.924
362,80.03,76.79,3.235,3.760,0.213,3.448
363,79.64,74.43,5.211,3.038,0.198,5.409
364,79.74,78.68,1.059,3.062,0.223,1.282
365,79.66,75.13,4.536,3.132,1.744,6.280
366,79.84,74.07,5.780,3.173,0.205,5.985
367,79.43,72.84,6.588,3.100,0.239,6.827
368,78.87,73.49,5.381,3.659,0.213,5.594
369,80.26,78.09,2.174,3.082,2.140,4.314
370,78.32,75.73,2.587,4.269,4.025,6.612
371,77.33,76.53,0.804,6.431,0.406,1.210
372,77.34,75.91,1.432,6.710,0.509,1.941
373,77.10,75.54,1.557,6.310,3.766,5.323
374,76.60,75.86,0.739,6.319,5.921,6.660
375,76.53,75.88,0.650,6.530,0.473,1.123
376,78.90,78.15,0.746,8.531,4.246,4.992
377,77.15,77.10,0.050,6.855,4.959,5.009
378,77.37,76.10,1.271,7.185,4.188,5.459
379,77.41,76.67,0.749,6.542,0.422,1.171
380,77.17,76.55,0.627,6.310,2.669,3.296
381,78.31,78.48,-0.168,5.023,0.231,0.063
382,79.20,78.06,1.143,3.666,2.020,3.163
383,77.84,76.56,1.284,4.076,2.787,4.071
384,77.28,76.06,1.224,5.627,0.206,1.430
385,79.81,76.43,3.383,3.028,1.512,4.895
386,79.69,75.22,4.466,3.185,0.212,4.678
387,79.89,79.84,0.049,3.021,1.505,1.554
388,79.51,81.61,-2.105,3.130,1.457,-0.648
389,79.52,79.32,0.201,3.106,2.012,2.213
390,78.86,77.53,1.331,3.239,0.180,1.511
391,79.98,76.99,2.997,2.987,1.484,4.481
392,79.77,78.56,1.210,3.116,1.578,2.788
393,80.06,77.74,2.321,3.089,2.017,4.338
394,78.42,72.34,6.083,4.430,2.890,8.973
395,77.71,76.97,0.744,5.221,2.038,2.782
396,77.24,76.51,0.725,4.825,3.263,3.988
397,77.01,76.96,0.050,9.091,2.533,2.583
398,77.68,77.01,0.672,5.409,2.771,3.443
399,77.31,76.55,0.758,5.536,2.764,3.522
400,77.29,79.25,-1.960,5.961,0.288,-1.672
401,76.92,75.67,1.250,5.965,2.821,4.071
402,77.28,76.61,0.667,5.901,0.297,0.964
403,76.92,76.14,0.781,5.932,3.977,4.758
404,76.42,75.67,0.755,5.793,0.461,1.216
405,79.07,78.20,0.870,9.099,0.222,1.092
406,80.06,79.42,0.639,3.291,0.204,0.843
407,79.48,77.72,1.762,3.439,0.236,1.998
408,79.03,78.34,0.691,3.865,0.185,0.876
409,79.67,78.96,0.710,3.183,0.194,0.904
410,79.57,78.89,0.680,3.052,0.225,0.905
411,78.96,78.25,0.714,3.662,1.538,2.252
412,80.03,78.86,1.171,3.292,0.238,1.409
413,79.88,79.21,0.669,3.099,1.520,2.189
414,79.52,80.48,-0.963,3.196,0.211,-0.752
415,80.08,79.40,0.688,3.051,0.203,0.891
416,80.18,79.44,0.741,3.032,0.238,0.979
417,79.25,78.90,0.351,3.128,0.179,0.530
418,80.55,79.94,0.615,3.073,2.285,2.900
419,79.22,79.26,-0.040,3.637,0.201,0.161
420,79.97,75.98,3.991,3.046,0.210,4.201
421,79.94,76.66,3.281,3.012,1.527,4.808
422,79.83,77.58,2.251,3.173,0.204,2.455
423,79.22,78.26,0.960,3.208,2.031,2.991
424,78.86,78.52,0.342,3.695,0.201,0.543
425,80.02,79.46,0.554,3.039,1.622,2.176
426,80.05,80.28,-0.238,3.186,1.560,1.322
427,79.71,75.29,4.417,3.230,0.200,4.617
428,79.88,75.67,4.209,3.038,1.486,5.695
429,80.08,75.33,4.751,3.184,1.531,6.282
430,79.27,75.09,4.185,3.137,2.183,6.368
431,79.16,73.26,5.891,4.575,4.406,10.297
432,77.02,76.15,0.866,5.921,3.357,4.223
433,77.17,76.39,0.782,6.320,3.620,4.402
434,77.26,76.39,0.868,6.028,0.307,1.175
435,77.39,29.66,47.730,5.957,0.300,48.030
436,77.25,18.52,58.722,5.946,2.792,61.514
437,76.67,34.65,42.025,5.996,0.596,42.621
438,77.56,76.33,1.227,8.904,4.611,5.838
439,77.27,67.19,10.082,6.212,0.491,10.573
440,77.80,77.09,0.714,7.221,0.526,1.240
441,78.58,77.90,0.683,7.252,4.608,5.291
442,77.67,77.62,0.050,7.095,1.911,1.961
443,79.25,78.05,1.195,3.714,0.211,1.406
444,78.76,78.72,0.049,4.213,0.253,0.302
445,77.93,77.88,0.048,4.622,0.297,0.345
446,240.93,239.24,1.692,4.664,1.694,3.386
447,79.57,79.10,0.471,3.289,1.661,2.132
448,101.17,100.87,0.306,2.941,0.194,0.500
449,79.84,79.27,0.572,3.042,0.206,0.778
450,79.67,65.14,14.536,3.114,0.254,14.790
451,79.17,0.00,79.170,3.435,0.184,79.354
452,80.18,0.00,80.178,3.147,1.777,81.955
453,80.00,0.00,79.999,3.457,0.247,80.246
454,79.20,0.00,79.205,3.724,0.251,79.456
455,78.65,0.00,78.651,4.348,0.247,78.898
456,78.57,0.00,78.571,4.397,0.235,78.806
457,79.22,0.00,79.220,3.095,0.179,79.399
458,80.40,0.00,80.400,3.060,1.495,81.895
459,80.26,0.00,80.262,3.126,0.206,80.468
460,80.07,0.00,80.070,3.016,1.461,81.531
461,80.12,0.00,80.123,3.214,0.177,80.300
